job_title,listings,avg_demand,median_salary
Software Engineer,286,4.695804195804196,51209.0
Data Analyst,279,4.867383512544803,47884.0
Business Analyst,254,4.834645669291339,45295.5
Operations Analyst,241,4.796680497925311,44210.0
Data Scientist,190,4.947368421052632,52469.0
Cyber Security Analyst,183,4.743169398907104,48870.0
BI Analyst,180,4.738888888888889,52384.5
Financial Analyst,179,4.726256983240224,46872.0
Cloud Engineer,171,4.748538011695906,53086.0
Product Analyst,162,4.734567901234568,52311.0
Project Manager,162,4.648148148148148,52708.0
Digital Marketing Analyst,113,4.769911504424779,42143.0
